{"options":{"check_for_updates":true,"comment":null,"compat_foreach":false,"compat_metadata":false,"compat_powerful_this":null,"compat_prototypes":false,"compat_wrappedjsobject":false,"compatopts_for_requires":true,"noframes":null,"override":{"merge_connects":true,"merge_excludes":true,"merge_includes":true,"merge_matches":true,"orig_connects":[],"orig_excludes":["*://*.youtube.com/subscribe_embed?*"],"orig_includes":[],"orig_matches":["*://*.youtube.com/*"],"orig_noframes":null,"orig_run_at":"document-body","use_blockers":[],"use_connects":[],"use_excludes":[],"use_includes":[],"use_matches":[]},"run_at":null,"tab_types":null,"unwrap":null},"settings":{"enabled":true,"position":11},"meta":{"name":"Auto Close YouTube Ads","uuid":"aaec0430-cb29-4ba9-9f80-ca84ec8841f8","modified":1650201662594,"file_url":"https://greasyfork.org/scripts/9165-auto-close-youtube-ads/code/Auto%20Close%20YouTube%20Ads.user.js"}}