{"options":{"check_for_updates":true,"comment":null,"compat_foreach":false,"compat_metadata":false,"compat_powerful_this":null,"compat_prototypes":false,"compat_wrappedjsobject":false,"compatopts_for_requires":true,"noframes":null,"override":{"merge_connects":true,"merge_excludes":true,"merge_includes":true,"merge_matches":true,"orig_connects":["passport.bilibili.com","api.live.bilibili.com","api.bilibili.com","api.vc.bilibili.com","live-trace.bilibili.com","sctapi.ftqq.com","pushplus.plus","andywang.top","gitee.com"],"orig_excludes":[],"orig_includes":["/https?:\\/\\/live\\.bilibili\\.com\\/[blanc\\/]?[^?]*?\\d+\\??.*/"],"orig_matches":[],"orig_noframes":null,"orig_run_at":"document-start","use_blockers":[],"use_connects":[],"use_excludes":[],"use_includes":[],"use_matches":[]},"run_at":null,"tab_types":null,"unwrap":null},"settings":{"enabled":true,"position":14},"meta":{"name":"B站直播间挂机助手","uuid":"1e7951e7-57cc-4ba8-8a3d-390494f1a35c","modified":1650201835523,"file_url":"https://greasyfork.org/scripts/406048-b%E7%AB%99%E7%9B%B4%E6%92%AD%E9%97%B4%E6%8C%82%E6%9C%BA%E5%8A%A9%E6%89%8B/code/B%E7%AB%99%E7%9B%B4%E6%92%AD%E9%97%B4%E6%8C%82%E6%9C%BA%E5%8A%A9%E6%89%8B.user.js"}}