{"options":{"check_for_updates":true,"comment":null,"compat_foreach":false,"compat_metadata":false,"compat_powerful_this":null,"compat_prototypes":false,"compat_wrappedjsobject":false,"compatopts_for_requires":true,"noframes":null,"override":{"merge_connects":true,"merge_excludes":true,"merge_includes":true,"merge_matches":true,"orig_connects":["self","cdn.jsdelivr.net","greasyfork.org","github.com","raw.githubusercontent.com"],"orig_excludes":[],"orig_includes":[],"orig_matches":["http*://www.52pojie.cn/","http*://www.chiphell.com/","http*://www.right.com.cn/","http*://bbs.kafan.cn/","http*://www.hostloc.com/","http*://bbs.pcbeta.com/","http*://www.zuanke8.com/","http*://bbs.51credit.com/","http*://bbs.ydss.cn/","http*://bbs.fobshanghai.com/","http*://bbs.huorong.cn/","http*://www.gebi1.com/","http*://www.advertcn.com/","http*://www.fglt.net/","http*://www.fglt.cn/","http*://www.aihao.cc/","http*://bbs.nas66.com/","http*://keylol.com/*","http*://www.keylol.com/*","http*://www.viidii.info/?action=image&*","http*://www.viidii.info/?http*://*","http*://*/*/forum-*.html","http*://*/*/forum-*.html?*","http*://*/*/forum.php","http*://*/*/forum.php?gid=*","http*://*/*/forum.php?mod=forumdisplay&fid=*","http*://*/*/forum.php?mod=post&action=edit&*","http*://*/*/forum.php?mod=post&action=newthread&*","http*://*/*/forum.php?mod=viewthread&tid=*","http*://*/*/forumdisplay.php?*","http*://*/*/read.php?*","http*://*/*/thread-*.html","http*://*/*/thread-*.html?*","http*://*/*/thread*.php","http*://*/*/thread*.php?fid=*","http*://*/*/viewthread-*.html","http*://*/*/viewthread.php?*","http*://*/forum-*.html","http*://*/forum-*.html?*","http*://*/forum.php","http*://*/forum.php?gid=*","http*://*/forum.php?mod=forumdisplay&fid=*","http*://*/forum.php?mod=post&action=edit&*","http*://*/forum.php?mod=post&action=newthread&*","http*://*/forum.php?mod=viewthread&tid=*","http*://*/forumdisplay.php?*","http*://*/htm_data/*.html","http*://*/read.php?*","http*://*/thread-*.html","http*://*/thread-*.html?*","http*://*/thread*.php","http*://*/thread*.php?fid=*","http*://*/viewthread-*.html","http*://*/viewthread.php?*","http*://hishis.github.io/tools/forum-grandmaster/"],"orig_noframes":null,"orig_run_at":"document-start","use_blockers":[],"use_connects":[],"use_excludes":[],"use_includes":[],"use_matches":[]},"run_at":null,"tab_types":null,"unwrap":null},"settings":{"enabled":true,"position":30},"meta":{"name":"Forum Grandmaster for Discuz! (Final Version)","uuid":"545cceb9-4dc7-4ece-8fe4-399004db3614","modified":1651312896285,"file_url":"https://greasyfork.org/scripts/400250-forum-grandmaster-for-discuz-final-version/code/Forum%20Grandmaster%20for%20Discuz!%20(Final%20Version).user.js"}}