{"options":{"check_for_updates":true,"comment":null,"compat_foreach":false,"compat_metadata":false,"compat_powerful_this":null,"compat_prototypes":false,"compat_wrappedjsobject":false,"compatopts_for_requires":true,"noframes":null,"override":{"merge_connects":true,"merge_excludes":true,"merge_includes":true,"merge_matches":true,"orig_connects":["greasyfork.org"],"orig_excludes":[],"orig_includes":[],"orig_matches":["https://*.greasyfork.org/*"],"orig_noframes":null,"orig_run_at":"document-idle","use_blockers":[],"use_connects":[],"use_excludes":[],"use_includes":[],"use_matches":[]},"run_at":null,"tab_types":null,"unwrap":null},"settings":{"enabled":true,"position":23},"meta":{"name":"GreasyFork Helper","uuid":"9ff66ec0-3198-4443-a6b7-b0f217cf5a34","modified":1650205117511,"file_url":"https://greasyfork.org/scripts/393396-greasyfork-helper/code/GreasyFork%20Helper.user.js"}}