{"options":{"check_for_updates":true,"comment":null,"compat_foreach":false,"compat_metadata":false,"compat_powerful_this":null,"compat_prototypes":false,"compat_wrappedjsobject":false,"compatopts_for_requires":true,"noframes":null,"override":{"merge_connects":true,"merge_excludes":true,"merge_includes":true,"merge_matches":true,"orig_connects":[],"orig_excludes":["/^https:\\/\\/(greasy|sleazy)fork\\.org\\/(.*\\/)?(scripts\\/[\\w-]+\\/feedback|discussions\\/[\\d]+|users\\/.*\\/conversations.*)$/"],"orig_includes":["/^https:\\/\\/(greasy|sleazy)fork\\.org\\/(.*\\/)?(scripts|discussions|users).*$/"],"orig_matches":[],"orig_noframes":null,"orig_run_at":"document-idle","use_blockers":[],"use_connects":[],"use_excludes":[],"use_includes":[],"use_matches":[]},"run_at":null,"tab_types":null,"unwrap":null},"settings":{"enabled":true,"position":24},"meta":{"name":"GreasyFork Bullshit Filter","uuid":"2119a354-abe4-463b-af17-3bcddfa6c99a","modified":1650205173493,"file_url":"https://greasyfork.org/scripts/12179-greasyfork-bull-filter/code/GreasyFork%20Bullshit%20Filter.user.js"}}