{"ts":1651805791980,"data":{"_global_id_":"n704","globalKeydownEvent":"o{\"data\": {\"isTrusted\": true,\"key\": \"c\",\"code\": \"KeyC\",\"location\": 0,\"ctrlKey\": false,\"shiftKey\": false,\"altKey\": false,\"metaKey\": true,\"repeat\": false,\"isComposing\": false,\"charCode\": 0,\"keyCode\": 67,\"DOM_KEY_LOCATION_STANDARD\": 0,\"DOM_KEY_LOCATION_LEFT\": 1,\"DOM_KEY_LOCATION_RIGHT\": 2,\"DOM_KEY_LOCATION_NUMPAD\": 3,\"detail\": 0,\"which\": 67,\"type\": \"keydown\",\"eventPhase\": 1,\"bubbles\": true,\"cancelable\": true,\"defaultPrevented\": false,\"composed\": true,\"timeStamp\": 28383.89999999106,\"returnValue\": true,\"cancelBubble\": false,\"NONE\": 0,\"CAPTURING_PHASE\": 1,\"AT_TARGET\": 2,\"BUBBLING_PHASE\": 3},\"tabId\": 636,\"title\": \"v2ray免费账号 · Alvin9999/new-pac Wiki\",\"referrer\": {\"ancestorOrigins\": {\"length\": 0},\"href\": \"https://github.com/Alvin9999/new-pac/wiki/v2ray%E5%85%8D%E8%B4%B9%E8%B4%A6%E5%8F%B7\",\"origin\": \"https://github.com\",\"protocol\": \"https:\",\"host\": \"github.com\",\"hostname\": \"github.com\",\"port\": \"\",\"pathname\": \"/Alvin9999/new-pac/wiki/v2ray%E5%85%8D%E8%B4%B9%E8%B4%A6%E5%8F%B7\",\"search\": \"\",\"hash\": \"\"},\"updateTime\": 1651805220711}"}}