{"options":{"check_for_updates":true,"comment":null,"compat_foreach":false,"compat_metadata":false,"compat_powerful_this":null,"compat_prototypes":false,"compat_wrappedjsobject":false,"compatopts_for_requires":true,"noframes":null,"override":{"merge_connects":true,"merge_excludes":true,"merge_includes":true,"merge_matches":true,"orig_connects":[],"orig_excludes":["https://developers.facebook.com/*","https://www.instagram.com/accounts/login/*","https://www.instagram.com/privacy/checks/*","https://twitter.com/intent/tweet?*","https://mobile.twitter.com/intent/tweet?*"],"orig_includes":["https://www.pinterest.tld/*"],"orig_matches":["https://*.facebook.com/*","https://www.instagram.com/*","https://m.youtube.com/*","https://www.youtube.com/*","https://www.reddit.com/*","https://twitter.com/*","https://mobile.twitter.com/*","https://*.quora.com/*","https://ask.fm/*","https://vk.com/*","https://m.vk.com/*"],"orig_noframes":null,"orig_run_at":"document-idle","use_blockers":[],"use_connects":[],"use_excludes":[],"use_includes":[],"use_matches":[]},"run_at":null,"tab_types":null,"unwrap":null},"settings":{"enabled":true,"position":21},"meta":{"name":"Login reminder popup remover","uuid":"32886f89-8cce-4922-8c21-e67f6aed0486","modified":1650204998016,"file_url":"https://greasyfork.org/scripts/395497-login-reminder-popup-remover/code/Login%20reminder%20popup%20remover.user.js"}}