{"options":{"check_for_updates":true,"comment":null,"compat_foreach":false,"compat_metadata":false,"compat_powerful_this":null,"compat_prototypes":false,"compat_wrappedjsobject":false,"compatopts_for_requires":true,"noframes":null,"override":{"merge_connects":true,"merge_excludes":true,"merge_includes":true,"merge_matches":true,"orig_connects":["engageub.pythonanywhere.com","engageub1.pythonanywhere.com"],"orig_excludes":[],"orig_includes":[],"orig_matches":["*://*/recaptcha/*"],"orig_noframes":null,"orig_run_at":"document-idle","use_blockers":[],"use_connects":[],"use_excludes":[],"use_includes":[],"use_matches":[]},"run_at":null,"tab_types":null,"unwrap":null},"settings":{"enabled":true,"position":16},"meta":{"name":"Recaptcha Solver (Automatically solves Recaptcha in browser)","uuid":"8200738b-3f90-463a-85d2-22491987a4b7","modified":1650201889621,"file_url":"https://greasyfork.org/scripts/430593-recaptcha-solver-automatically-solves-recaptcha-in-browser/code/Recaptcha%20Solver%20(Automatically%20solves%20Recaptcha%20in%20browser).user.js"}}