{"options":{"check_for_updates":true,"comment":null,"compat_foreach":false,"compat_metadata":false,"compat_powerful_this":null,"compat_prototypes":false,"compat_wrappedjsobject":false,"compatopts_for_requires":true,"noframes":null,"override":{"merge_connects":true,"merge_excludes":true,"merge_includes":true,"merge_matches":true,"orig_connects":[],"orig_excludes":[],"orig_includes":[],"orig_matches":["*://*.youtube.com/*"],"orig_noframes":null,"orig_run_at":"document-idle","use_blockers":[],"use_connects":[],"use_excludes":[],"use_includes":[],"use_matches":[]},"run_at":null,"tab_types":null,"unwrap":null},"settings":{"enabled":true,"position":7},"meta":{"name":"YouTube™ Multi Downloader v7.7 🚀💯 - yt1s.com (MP3, FHD, MP4, HD, SD, 3GP / NO ADS 🚫)","uuid":"be03a8ac-1929-4e4c-b04c-8d8db392290b","modified":1650201536782,"file_url":"https://greasyfork.org/scripts/34613-youtube-multi-downloader-v7-7-yt1s-com-mp3-fhd-mp4-hd-sd-3gp-no-ads/code/YouTube%E2%84%A2%20Multi%20Downloader%20v77%20%F0%9F%9A%80%F0%9F%92%AF%20-%20yt1scom%20(MP3,%20FHD,%20MP4,%20HD,%20SD,%203GP%20%20NO%20ADS%20%F0%9F%9A%AB).user.js"}}