{"options":{"check_for_updates":true,"comment":null,"compat_foreach":false,"compat_metadata":false,"compat_powerful_this":null,"compat_prototypes":false,"compat_wrappedjsobject":false,"compatopts_for_requires":true,"noframes":null,"override":{"merge_connects":true,"merge_excludes":true,"merge_includes":true,"merge_matches":true,"orig_connects":[],"orig_excludes":[],"orig_includes":[],"orig_matches":["*://*/*"],"orig_noframes":true,"orig_run_at":"document-start","use_blockers":[],"use_connects":[],"use_excludes":[],"use_includes":[],"use_matches":[]},"run_at":null,"tab_types":null,"unwrap":null},"settings":{"enabled":true,"position":29},"meta":{"name":"护眼模式","uuid":"a05cd688-fe30-4502-be8d-f4d1678bdbc7","modified":1651312854357,"file_url":"https://greasyfork.org/scripts/426377-%E6%8A%A4%E7%9C%BC%E6%A8%A1%E5%BC%8F/code/%E6%8A%A4%E7%9C%BC%E6%A8%A1%E5%BC%8F.user.js"}}