{"options":{"check_for_updates":true,"comment":null,"compat_foreach":false,"compat_metadata":false,"compat_powerful_this":null,"compat_prototypes":false,"compat_wrappedjsobject":false,"compatopts_for_requires":true,"noframes":null,"override":{"merge_connects":true,"merge_excludes":true,"merge_includes":true,"merge_matches":true,"orig_connects":[],"orig_excludes":[],"orig_includes":["http*://www.baidu.com/*","http*://m.baidu.com/*"],"orig_matches":[],"orig_noframes":null,"orig_run_at":"document-start","use_blockers":[],"use_connects":[],"use_excludes":[],"use_includes":[],"use_matches":[]},"run_at":null,"tab_types":null,"unwrap":null},"settings":{"enabled":true,"position":4},"meta":{"name":"百度广告(首尾推广及右侧广告)清理","uuid":"de04840e-77f6-44c4-970c-b6159b112924","modified":1650201515712,"file_url":"https://greasyfork.org/scripts/24192-%E7%99%BE%E5%BA%A6%E5%B9%BF%E5%91%8A-%E9%A6%96%E5%B0%BE%E6%8E%A8%E5%B9%BF%E5%8F%8A%E5%8F%B3%E4%BE%A7%E5%B9%BF%E5%91%8A-%E6%B8%85%E7%90%86/code/%E7%99%BE%E5%BA%A6%E5%B9%BF%E5%91%8A(%E9%A6%96%E5%B0%BE%E6%8E%A8%E5%B9%BF%E5%8F%8A%E5%8F%B3%E4%BE%A7%E5%B9%BF%E5%91%8A)%E6%B8%85%E7%90%86.user.js"}}