{"options":{"check_for_updates":true,"comment":null,"compat_foreach":false,"compat_metadata":false,"compat_powerful_this":null,"compat_prototypes":false,"compat_wrappedjsobject":false,"compatopts_for_requires":true,"noframes":null,"override":{"merge_connects":true,"merge_excludes":true,"merge_includes":true,"merge_matches":true,"orig_connects":[],"orig_excludes":[],"orig_includes":["*"],"orig_matches":[],"orig_noframes":null,"orig_run_at":"document-idle","use_blockers":[],"use_connects":[],"use_excludes":[],"use_includes":[],"use_matches":[]},"run_at":null,"tab_types":null,"unwrap":null},"settings":{"enabled":true,"position":25},"meta":{"name":"繁簡自由切換","uuid":"e6f3e7a8-8350-488e-aa9b-7229c3f0cc03","modified":1650205178656,"file_url":"https://greasyfork.org/scripts/24300-%E7%B9%81%E7%B0%A1%E8%87%AA%E7%94%B1%E5%88%87%E6%8F%9B/code/Switch%20Traditional%20Chinese%20and%20Simplified%20Chinese.user.js"}}