{"options":{"check_for_updates":true,"comment":null,"compat_foreach":false,"compat_metadata":false,"compat_powerful_this":null,"compat_prototypes":false,"compat_wrappedjsobject":false,"compatopts_for_requires":true,"noframes":null,"override":{"merge_connects":true,"merge_excludes":true,"merge_includes":true,"merge_matches":true,"orig_connects":[],"orig_excludes":[],"orig_includes":[],"orig_matches":["*://*/*"],"orig_noframes":null,"orig_run_at":"document-start","use_blockers":[],"use_connects":[],"use_excludes":[],"use_includes":[],"use_matches":[]},"run_at":null,"tab_types":null,"unwrap":null},"settings":{"enabled":true,"position":3},"meta":{"name":"网页限制解除","uuid":"48e75491-ad4e-4c4e-a580-1e8544a990d4","modified":1650201479187,"file_url":"https://greasyfork.org/scripts/14146-%E7%BD%91%E9%A1%B5%E9%99%90%E5%88%B6%E8%A7%A3%E9%99%A4/code/%E7%BD%91%E9%A1%B5%E9%99%90%E5%88%B6%E8%A7%A3%E9%99%A4.user.js"}}