{"options":{"check_for_updates":true,"comment":null,"compatopts_for_requires":true,"compat_wrappedjsobject":false,"compat_metadata":false,"compat_foreach":false,"compat_prototypes":false,"compat_powerful_this":null,"noframes":null,"unwrap":null,"run_at":null,"tab_types":null,"override":{"use_includes":[],"orig_includes":[],"merge_includes":true,"use_matches":[],"orig_matches":["*://*.youtube.com/*"],"merge_matches":true,"use_excludes":[],"orig_excludes":["*://*.youtube.com/subscribe_embed?*"],"merge_excludes":true,"use_connects":[],"orig_connects":[],"merge_connects":true,"use_blockers":[],"orig_run_at":"document-body","orig_noframes":null}},"settings":{"enabled":true,"position":11},"meta":{"name":"Auto Close YouTube Ads","uuid":"aaec0430-cb29-4ba9-9f80-ca84ec8841f8","modified":1650201662594,"file_url":"https://greasyfork.org/scripts/9165-auto-close-youtube-ads/code/Auto%20Close%20YouTube%20Ads.user.js"}}