{"options":{"check_for_updates":true,"comment":null,"compatopts_for_requires":true,"compat_wrappedjsobject":false,"compat_metadata":false,"compat_foreach":false,"compat_prototypes":false,"compat_powerful_this":null,"noframes":null,"unwrap":null,"run_at":null,"tab_types":null,"override":{"use_includes":[],"orig_includes":["/https?:\\/\\/live\\.bilibili\\.com\\/[blanc\\/]?[^?]*?\\d+\\??.*/"],"merge_includes":true,"use_matches":[],"orig_matches":[],"merge_matches":true,"use_excludes":[],"orig_excludes":[],"merge_excludes":true,"use_connects":[],"orig_connects":["passport.bilibili.com","api.live.bilibili.com","api.bilibili.com","api.vc.bilibili.com","live-trace.bilibili.com","sctapi.ftqq.com","pushplus.plus","andywang.top","gitee.com"],"merge_connects":true,"use_blockers":[],"orig_run_at":"document-start","orig_noframes":null}},"settings":{"enabled":true,"position":14},"meta":{"name":"B站直播间挂机助手","uuid":"1e7951e7-57cc-4ba8-8a3d-390494f1a35c","modified":1650201835523,"file_url":"https://greasyfork.org/scripts/406048-b%E7%AB%99%E7%9B%B4%E6%92%AD%E9%97%B4%E6%8C%82%E6%9C%BA%E5%8A%A9%E6%89%8B/code/B%E7%AB%99%E7%9B%B4%E6%92%AD%E9%97%B4%E6%8C%82%E6%9C%BA%E5%8A%A9%E6%89%8B.user.js"}}