{"options":{"check_for_updates":true,"comment":null,"compatopts_for_requires":true,"compat_wrappedjsobject":false,"compat_metadata":false,"compat_foreach":false,"compat_prototypes":false,"compat_powerful_this":null,"noframes":null,"unwrap":null,"run_at":null,"tab_types":null,"override":{"use_includes":[],"orig_includes":["https://*blog.csdn.net/*"],"merge_includes":true,"use_matches":[],"orig_matches":[],"merge_matches":true,"use_excludes":[],"orig_excludes":["https://www.csdn.net/*"],"merge_excludes":true,"use_connects":[],"orig_connects":[],"merge_connects":true,"use_blockers":[],"orig_run_at":"document-start","orig_noframes":null}},"settings":{"enabled":true,"position":27},"meta":{"name":"CSDN Blog Super Simplification","uuid":"802d0ede-bb0d-4e35-b457-c0cae7371277","modified":1650205559086,"file_url":"https://greasyfork.org/scripts/412200-csdn-blog-super-simplification/code/CSDN%20Blog%20Super%20Simplification.user.js"}}