{"options":{"check_for_updates":true,"comment":null,"compatopts_for_requires":true,"compat_wrappedjsobject":false,"compat_metadata":false,"compat_foreach":false,"compat_prototypes":false,"compat_powerful_this":null,"noframes":null,"unwrap":null,"run_at":null,"tab_types":null,"override":{"use_includes":[],"orig_includes":[],"merge_includes":true,"use_matches":[],"orig_matches":["https://*.greasyfork.org/*"],"merge_matches":true,"use_excludes":[],"orig_excludes":[],"merge_excludes":true,"use_connects":[],"orig_connects":["greasyfork.org"],"merge_connects":true,"use_blockers":[],"orig_run_at":"document-idle","orig_noframes":null}},"settings":{"enabled":true,"position":24},"meta":{"name":"GreasyFork Helper","uuid":"9ff66ec0-3198-4443-a6b7-b0f217cf5a34","modified":1650205117511,"file_url":"https://greasyfork.org/scripts/393396-greasyfork-helper/code/GreasyFork%20Helper.user.js"}}