{"options":{"check_for_updates":true,"comment":null,"compatopts_for_requires":true,"compat_wrappedjsobject":false,"compat_metadata":false,"compat_foreach":false,"compat_prototypes":false,"compat_powerful_this":null,"noframes":null,"unwrap":null,"run_at":null,"tab_types":null,"override":{"use_includes":[],"orig_includes":["/^https:\\/\\/(greasy|sleazy)fork\\.org\\/(.*\\/)?(scripts|discussions|users).*$/"],"merge_includes":true,"use_matches":[],"orig_matches":[],"merge_matches":true,"use_excludes":[],"orig_excludes":["/^https:\\/\\/(greasy|sleazy)fork\\.org\\/(.*\\/)?(scripts\\/[\\w-]+\\/feedback|discussions\\/[\\d]+|users\\/.*\\/conversations.*)$/"],"merge_excludes":true,"use_connects":[],"orig_connects":[],"merge_connects":true,"use_blockers":[],"orig_run_at":"document-idle","orig_noframes":null}},"settings":{"enabled":true,"position":25},"meta":{"name":"GreasyFork Bullshit Filter","uuid":"2119a354-abe4-463b-af17-3bcddfa6c99a","modified":1650205173493,"file_url":"https://greasyfork.org/scripts/12179-greasyfork-bull-filter/code/GreasyFork%20Bullshit%20Filter.user.js"}}