{"ts":1650207669308,"data":{"_global_id_":"n20","globalKeydownEvent":"o{\"data\": {\"isTrusted\": true,\"key\": \"c\",\"code\": \"KeyC\",\"location\": 0,\"ctrlKey\": false,\"shiftKey\": false,\"altKey\": false,\"metaKey\": true,\"repeat\": false,\"isComposing\": false,\"charCode\": 0,\"keyCode\": 67,\"DOM_KEY_LOCATION_STANDARD\": 0,\"DOM_KEY_LOCATION_LEFT\": 1,\"DOM_KEY_LOCATION_RIGHT\": 2,\"DOM_KEY_LOCATION_NUMPAD\": 3,\"detail\": 0,\"which\": 67,\"type\": \"keydown\",\"eventPhase\": 1,\"bubbles\": true,\"cancelable\": true,\"defaultPrevented\": false,\"composed\": true,\"timeStamp\": 1041199.2999999989,\"returnValue\": true,\"cancelBubble\": false,\"NONE\": 0,\"CAPTURING_PHASE\": 1,\"AT_TARGET\": 2,\"BUBBLING_PHASE\": 3},\"tabId\": 17,\"title\": \"SqlBeautifier - Packages - Package Control\",\"referrer\": {\"ancestorOrigins\": {\"length\": 0},\"href\": \"https://packagecontrol.io/packages/SqlBeautifier\",\"origin\": \"https://packagecontrol.io\",\"protocol\": \"https:\",\"host\": \"packagecontrol.io\",\"hostname\": \"packagecontrol.io\",\"port\": \"\",\"pathname\": \"/packages/SqlBeautifier\",\"search\": \"\",\"hash\": \"\"},\"updateTime\": 1650207169846}"}}