{"options":{"check_for_updates":true,"comment":null,"compatopts_for_requires":true,"compat_wrappedjsobject":false,"compat_metadata":false,"compat_foreach":false,"compat_prototypes":false,"compat_powerful_this":null,"noframes":null,"unwrap":null,"run_at":null,"tab_types":null,"override":{"use_includes":[],"orig_includes":["*"],"merge_includes":true,"use_matches":[],"orig_matches":["*","https://www.bilibili.com/","https://588ku.com/"],"merge_matches":true,"use_excludes":[],"orig_excludes":[],"merge_excludes":true,"use_connects":[],"orig_connects":["*"],"merge_connects":true,"use_blockers":[],"orig_run_at":"document-end","orig_noframes":null}},"settings":{"enabled":true,"position":12},"meta":{"name":"Image Downloader","uuid":"c68e38b2-23aa-4c92-ab9d-6cc915e1b442","modified":1650201668802,"file_url":"https://greasyfork.org/scripts/419894-image-downloader/code/Image%20Downloader.user.js"}}