{"options":{"check_for_updates":true,"comment":null,"compatopts_for_requires":true,"compat_wrappedjsobject":false,"compat_metadata":false,"compat_foreach":false,"compat_prototypes":false,"compat_powerful_this":null,"noframes":null,"unwrap":null,"run_at":null,"tab_types":null,"override":{"use_includes":[],"orig_includes":["https://www.pinterest.tld/*"],"merge_includes":true,"use_matches":[],"orig_matches":["https://*.facebook.com/*","https://www.instagram.com/*","https://m.youtube.com/*","https://www.youtube.com/*","https://www.reddit.com/*","https://twitter.com/*","https://mobile.twitter.com/*","https://*.quora.com/*","https://ask.fm/*","https://vk.com/*","https://m.vk.com/*"],"merge_matches":true,"use_excludes":[],"orig_excludes":["https://developers.facebook.com/*","https://www.instagram.com/accounts/login/*","https://www.instagram.com/privacy/checks/*","https://twitter.com/intent/tweet?*","https://mobile.twitter.com/intent/tweet?*"],"merge_excludes":true,"use_connects":[],"orig_connects":[],"merge_connects":true,"use_blockers":[],"orig_run_at":"document-idle","orig_noframes":null}},"settings":{"enabled":true,"position":21},"meta":{"name":"Login reminder popup remover","uuid":"32886f89-8cce-4922-8c21-e67f6aed0486","modified":1650204998016,"file_url":"https://greasyfork.org/scripts/395497-login-reminder-popup-remover/code/Login%20reminder%20popup%20remover.user.js"}}