{"options":{"check_for_updates":true,"comment":null,"compatopts_for_requires":true,"compat_wrappedjsobject":false,"compat_metadata":false,"compat_foreach":false,"compat_prototypes":false,"compat_powerful_this":null,"noframes":null,"unwrap":null,"run_at":null,"tab_types":null,"override":{"use_includes":[],"orig_includes":[],"merge_includes":true,"use_matches":[],"orig_matches":["*://movie.douban.com/subject/*","*://www.imdb.com/title/tt*"],"merge_matches":true,"use_excludes":[],"orig_excludes":[],"merge_excludes":true,"use_connects":[],"orig_connects":["api.douban.com","movie.douban.com","p.media-imdb.com","www.omdbapi.com"],"merge_connects":true,"use_blockers":[],"orig_run_at":"document-idle","orig_noframes":null}},"settings":{"enabled":true,"position":13},"meta":{"name":"MoreMovieRatings","uuid":"cf65b235-60b2-4ccf-9a62-47d81370c2d6","modified":1650201817029,"file_url":"https://greasyfork.org/scripts/7687-moremovieratings/code/MoreMovieRatings.user.js"}}