{"ts":1650205017821,"data":{"cfg":"o{\"fit\": \"large\",\"center\": false,\"css\": \"\",\"delay\": 500,\"globalStatus\": false,\"hosts\": [{\"name\": \"No popup for YouTube thumbnails\",\"d\": \"www.youtube.com\",\"e\": \"ytd-rich-item-renderer *, ytd-thumbnail *\",\"s\": \"\"},{\"name\": \"No popup for SVG/PNG icons\",\"d\": \"\",\"e\": \"img[src*='icon']\",\"r\": \"//[^/]+/.*\\\\bicons?\\\\b.*\\\\.(?:png|svg)\",\"s\": \"\"}],\"imgtab\": false,\"keepOnBlur\": false,\"keepVids\": false,\"mute\": false,\"preload\": false,\"scale\": 1.25,\"scales\": [\"0!\",0.125,0.25,0.5,0.75,1,1.5,2,2.5,3,4,5,8,16],\"start\": \"auto\",\"startAlt\": \"context\",\"startAltShown\": false,\"uiBackgroundColor\": \"#ffffff\",\"uiBackgroundOpacity\": 100,\"uiBorderColor\": \"#000000\",\"uiBorderOpacity\": 100,\"uiBorder\": 0,\"uiFadein\": true,\"uiFadeinGallery\": true,\"uiShadowColor\": \"#000000\",\"uiShadowOpacity\": 80,\"uiShadow\": 20,\"uiPadding\": 0,\"uiMargin\": 0,\"version\": 6,\"waitLoad\": false,\"xhr\": true,\"zoom\": \"context\",\"zoomOut\": \"auto\",\"zoomStep\": 133}"}}