{"options":{"check_for_updates":true,"comment":null,"compatopts_for_requires":true,"compat_wrappedjsobject":true,"compat_metadata":false,"compat_foreach":false,"compat_prototypes":false,"compat_powerful_this":null,"noframes":null,"unwrap":null,"run_at":null,"tab_types":null,"override":{"use_includes":[],"orig_includes":["*"],"merge_includes":true,"use_matches":[],"orig_matches":[],"merge_matches":true,"use_excludes":[],"orig_excludes":[],"merge_excludes":true,"use_connects":[],"orig_connects":["*","self","github.com","deviantart.com","facebook.com","fbcdn.com","flickr.com","gfycat.com","googleusercontent.com","gyazo.com","imgur.com","instagr.am","instagram.com","prnt.sc","prntscr.com","user-images.githubusercontent.com"],"merge_connects":true,"use_blockers":[],"orig_run_at":"document-idle","orig_noframes":null}},"settings":{"enabled":true,"position":23},"meta":{"name":"Mouseover Popup Image Viewer","uuid":"86c8f5a9-276a-40c2-9659-d9202ce74100","modified":1650205012318,"file_url":"https://greasyfork.org/scripts/394820-mouseover-popup-image-viewer/code/Mouseover%20Popup%20Image%20Viewer.user.js"}}