{"options":{"check_for_updates":true,"comment":null,"compatopts_for_requires":true,"compat_wrappedjsobject":false,"compat_metadata":false,"compat_foreach":false,"compat_prototypes":false,"compat_powerful_this":null,"noframes":null,"unwrap":null,"run_at":null,"tab_types":null,"override":{"use_includes":[],"orig_includes":[],"merge_includes":true,"use_matches":[],"orig_matches":["*://*/recaptcha/*"],"merge_matches":true,"use_excludes":[],"orig_excludes":[],"merge_excludes":true,"use_connects":[],"orig_connects":["engageub.pythonanywhere.com","engageub1.pythonanywhere.com"],"merge_connects":true,"use_blockers":[],"orig_run_at":"document-idle","orig_noframes":null}},"settings":{"enabled":true,"position":16},"meta":{"name":"Recaptcha Solver (Automatically solves Recaptcha in browser)","uuid":"8200738b-3f90-463a-85d2-22491987a4b7","modified":1650201889621,"file_url":"https://greasyfork.org/scripts/430593-recaptcha-solver-automatically-solves-recaptcha-in-browser/code/Recaptcha%20Solver%20(Automatically%20solves%20Recaptcha%20in%20browser).user.js"}}