{"options":{"check_for_updates":true,"comment":null,"compatopts_for_requires":true,"compat_wrappedjsobject":false,"compat_metadata":false,"compat_foreach":false,"compat_prototypes":false,"compat_powerful_this":null,"noframes":null,"unwrap":null,"run_at":null,"tab_types":null,"override":{"use_includes":[],"orig_includes":[],"merge_includes":true,"use_matches":[],"orig_matches":["*://*.youtube.com/*"],"merge_matches":true,"use_excludes":[],"orig_excludes":[],"merge_excludes":true,"use_connects":[],"orig_connects":[],"merge_connects":true,"use_blockers":[],"orig_run_at":"document-idle","orig_noframes":null}},"settings":{"enabled":true,"position":7},"meta":{"name":"YouTube™ Multi Downloader v7.7 🚀💯 - yt1s.com (MP3, FHD, MP4, HD, SD, 3GP / NO ADS 🚫)","uuid":"be03a8ac-1929-4e4c-b04c-8d8db392290b","modified":1650201536782,"file_url":"https://greasyfork.org/scripts/34613-youtube-multi-downloader-v7-7-yt1s-com-mp3-fhd-mp4-hd-sd-3gp-no-ads/code/YouTube%E2%84%A2%20Multi%20Downloader%20v77%20%F0%9F%9A%80%F0%9F%92%AF%20-%20yt1scom%20(MP3,%20FHD,%20MP4,%20HD,%20SD,%203GP%20%20NO%20ADS%20%F0%9F%9A%AB).user.js"}}