{"options":{"check_for_updates":true,"comment":null,"compatopts_for_requires":true,"compat_wrappedjsobject":false,"compat_metadata":false,"compat_foreach":false,"compat_prototypes":false,"compat_powerful_this":null,"noframes":null,"unwrap":null,"run_at":null,"tab_types":null,"override":{"use_includes":[],"orig_includes":[],"merge_includes":true,"use_matches":[],"orig_matches":["*://www.zhihu.com/*","*://zhuanlan.zhihu.com/*"],"merge_matches":true,"use_excludes":[],"orig_excludes":[],"merge_excludes":true,"use_connects":[],"orig_connects":[],"merge_connects":true,"use_blockers":[],"orig_run_at":"document-end","orig_noframes":null}},"settings":{"enabled":true,"position":5},"meta":{"name":"知乎增强","uuid":"f0811fc9-979b-44ef-86dc-c0ad72175fc4","modified":1650201521549,"file_url":"https://greasyfork.org/scripts/419081-%E7%9F%A5%E4%B9%8E%E5%A2%9E%E5%BC%BA/code/%E7%9F%A5%E4%B9%8E%E5%A2%9E%E5%BC%BA.user.js"}}