{"options":{"check_for_updates":true,"comment":null,"compatopts_for_requires":true,"compat_wrappedjsobject":false,"compat_metadata":false,"compat_foreach":false,"compat_prototypes":false,"compat_powerful_this":null,"noframes":null,"unwrap":null,"run_at":null,"tab_types":null,"override":{"use_includes":[],"orig_includes":[],"merge_includes":true,"use_matches":[],"orig_matches":["*://pan.baidu.com/disk/home*","*://pan.baidu.com/disk/main*","*://yun.baidu.com/disk/home*","*://yun.baidu.com/disk/main*","*://wangpan.baidu.com/disk/home*","*://wangpan.baidu.com/disk/main*"],"merge_matches":true,"use_excludes":[],"orig_excludes":[],"merge_excludes":true,"use_connects":[],"orig_connects":["baidu.com","baidupcs.com","cdn.jsdelivr.net","*"],"merge_connects":true,"use_blockers":[],"orig_run_at":"document-start","orig_noframes":null}},"settings":{"enabled":true,"position":1},"meta":{"name":"秒传链接提取","uuid":"1797614d-d11d-4e68-b151-9228f8eedb65","modified":1650201463646,"file_url":"https://greasyfork.org/scripts/424574-%E7%A7%92%E4%BC%A0%E9%93%BE%E6%8E%A5%E6%8F%90%E5%8F%96/code/%E7%A7%92%E4%BC%A0%E9%93%BE%E6%8E%A5%E6%8F%90%E5%8F%96.user.js"}}