{"options":{"check_for_updates":true,"comment":null,"compatopts_for_requires":true,"compat_wrappedjsobject":false,"compat_metadata":false,"compat_foreach":false,"compat_prototypes":false,"compat_powerful_this":null,"noframes":null,"unwrap":null,"run_at":null,"tab_types":null,"override":{"use_includes":[],"orig_includes":["https://www.google.*","https://prism-kangaroo.glitch.me/search?*"],"merge_includes":true,"use_matches":[],"orig_matches":[],"merge_matches":true,"use_excludes":[],"orig_excludes":[],"merge_excludes":true,"use_connects":[],"orig_connects":[],"merge_connects":true,"use_blockers":[],"orig_run_at":"document-idle","orig_noframes":null}},"settings":{"enabled":true,"position":22},"meta":{"name":"移除Google的搜索结果重定向，包括其图片搜索","uuid":"b5b46c0a-f23e-4470-b121-78d9eef6c198","modified":1650205006815,"file_url":"https://greasyfork.org/scripts/19713-%E7%A7%BB%E9%99%A4google%E7%9A%84%E6%90%9C%E7%B4%A2%E7%BB%93%E6%9E%9C%E9%87%8D%E5%AE%9A%E5%90%91-%E5%8C%85%E6%8B%AC%E5%85%B6%E5%9B%BE%E7%89%87%E6%90%9C%E7%B4%A2/code/%E7%A7%BB%E9%99%A4Google%E7%9A%84%E6%90%9C%E7%B4%A2%E7%BB%93%E6%9E%9C%E9%87%8D%E5%AE%9A%E5%90%91%EF%BC%8C%E5%8C%85%E6%8B%AC%E5%85%B6%E5%9B%BE%E7%89%87%E6%90%9C%E7%B4%A2.user.js"}}