{"options":{"check_for_updates":true,"comment":null,"compatopts_for_requires":true,"compat_wrappedjsobject":false,"compat_metadata":false,"compat_foreach":false,"compat_prototypes":false,"compat_powerful_this":null,"noframes":null,"unwrap":null,"run_at":null,"tab_types":null,"override":{"use_includes":[],"orig_includes":["*"],"merge_includes":true,"use_matches":[],"orig_matches":[],"merge_matches":true,"use_excludes":[],"orig_excludes":[],"merge_excludes":true,"use_connects":[],"orig_connects":[],"merge_connects":true,"use_blockers":[],"orig_run_at":"document-idle","orig_noframes":null}},"settings":{"enabled":true,"position":26},"meta":{"name":"繁簡自由切換","uuid":"e6f3e7a8-8350-488e-aa9b-7229c3f0cc03","modified":1650205178656,"file_url":"https://greasyfork.org/scripts/24300-%E7%B9%81%E7%B0%A1%E8%87%AA%E7%94%B1%E5%88%87%E6%8F%9B/code/Switch%20Traditional%20Chinese%20and%20Simplified%20Chinese.user.js"}}