{"options":{"check_for_updates":true,"comment":null,"compat_foreach":false,"compat_metadata":false,"compat_powerful_this":null,"compat_wrappedjsobject":false,"compatopts_for_requires":true,"noframes":null,"override":{"merge_connects":true,"merge_excludes":true,"merge_includes":true,"merge_matches":true,"orig_connects":["api.douban.com","movie.douban.com","p.media-imdb.com","www.omdbapi.com"],"orig_excludes":[],"orig_includes":[],"orig_matches":["*://movie.douban.com/subject/*","*://www.douban.com/personage/*","*://www.imdb.com/title/tt*","*://letterboxd.com/film/*"],"orig_noframes":null,"orig_run_at":"document-idle","use_blockers":[],"use_connects":[],"use_excludes":[],"use_includes":[],"use_matches":[]},"run_at":null,"sandbox":null,"tab_types":null,"unwrap":null,"user_modified":null},"settings":{"enabled":true,"position":4},"meta":{"name":"MoreMovieRatings","uuid":"cf65b235-60b2-4ccf-9a62-47d81370c2d6","modified":1715929884392,"file_url":"https://update.greasyfork.org/scripts/7687/MoreMovieRatings.user.js"}}