{"options":{"check_for_updates":true,"comment":null,"compat_foreach":false,"compat_metadata":false,"compat_powerful_this":null,"compat_wrappedjsobject":false,"compatopts_for_requires":true,"noframes":null,"override":{"merge_connects":true,"merge_excludes":true,"merge_includes":true,"merge_matches":true,"orig_connects":[],"orig_excludes":["*://*.google./*","*://*.bing./*"],"orig_includes":["*/search?*","*bookDetail.jsp?*","*chapter.jsp?*","*book.do?*"],"orig_matches":["*://book.ucdrs.superlib.net/views/specific/*","*://book.ucdrs.superlib.net/search*","*://book.dglib.superlib.net/views/specific/*","*://book.dglib.superlib.net/search*","*://search.douban.com/book/subject_search*","*://book.douban.com/isbn/*","*://book.douban.com/subject_search*","*://book.douban.com/tag/*","*://book.douban.com/subject/*","*://book.douban.com/series/*","*://book.douban.com/works/*","*://book.douban.com/producers/*","*://book.douban.com/press/*","*://book.douban.com/author/*/books*","*://book.douban.com/people/*/wish*","*://book.douban.com/people/*/do*","*://book.douban.com/people/*/collect*","*://www.douban.com/doulist/*","*://book.douban.com/cart*","*://cadal.edu.cn/cadalinfo/search*","*://cadal.edu.cn/cardpage/bookCardPage?*ssno=*","*://fx.ccelib.com/detail_*","*://fx.ccelib.com/s?*","*://www.ncpssd.org/Literature/ancientbooklist.aspx*","*://www.ncpssd.org/Literature/articleinfo.aspx*","*://www.digital.archives.go.jp/DAS/meta/*","*://www.digital.archives.go.jp/file/*.html","*://e.jd.com/*.html*","*://item.jd.com/*.html*","*://e.dangdang.com/products/*.html*","*://product.dangdang.com/*.html*","*://read.douban.com/ebook/*/*","*://www.dedao.cn/ebook/detail?*","*://www.bookschina.com/*","*://citic.cmread.com/zxHtml/html/paperBookDetailShare.html?*","*://www.kongfz.com/publisher/*/*","*://www.kongfz.com/writer/*/*","*://shop.kongfz.com/*","*://book.kongfz.com/*/*/*","*://book.kongfz.com/C*/*","*://item.kongfz.com/*","*://search.kongfz.com/product_result/?*","*://search.kongfz.com/item_result/?*","*/n/slib/book/slib/*","*/n/jpgfs/book/base/*"],"orig_noframes":null,"orig_run_at":"document-idle","use_blockers":[],"use_connects":[],"use_excludes":[],"use_includes":[],"use_matches":[]},"run_at":null,"sandbox":null,"tab_types":null,"unwrap":null,"user_modified":null},"settings":{"enabled":true,"position":13},"meta":{"name":"文献互助小帮手：①读秀PDF一键下载 ②图书馆联盟、读秀、超星、中美百万显示SSID等索书号 ③各文献站、图书电商站与豆瓣的互访链接 ④一键复制元数据","uuid":"94785094-f3b1-47c1-b126-6db36c0961ba","modified":1696651345974,"file_url":"https://greasyfork.org/scripts/435569-%E6%96%87%E7%8C%AE%E4%BA%92%E5%8A%A9%E5%B0%8F%E5%B8%AE%E6%89%8B-%E8%AF%BB%E7%A7%80pdf%E4%B8%80%E9%94%AE%E4%B8%8B%E8%BD%BD-%E5%9B%BE%E4%B9%A6%E9%A6%86%E8%81%94%E7%9B%9F-%E8%AF%BB%E7%A7%80-%E8%B6%85%E6%98%9F-%E4%B8%AD%E7%BE%8E%E7%99%BE%E4%B8%87%E6%98%BE%E7%A4%BAssid%E7%AD%89%E7%B4%A2%E4%B9%A6%E5%8F%B7-%E5%90%84%E6%96%87%E7%8C%AE%E7%AB%99-%E5%9B%BE%E4%B9%A6%E7%94%B5%E5%95%86%E7%AB%99%E4%B8%8E%E8%B1%86%E7%93%A3%E7%9A%84%E4%BA%92%E8%AE%BF%E9%93%BE%E6%8E%A5-%E4%B8%80%E9%94%AE%E5%A4%8D%E5%88%B6%E5%85%83%E6%95%B0%E6%8D%AE/code/%E6%96%87%E7%8C%AE%E4%BA%92%E5%8A%A9%E5%B0%8F%E5%B8%AE%E6%89%8B%EF%BC%9A%E2%91%A0%E8%AF%BB%E7%A7%80PDF%E4%B8%80%E9%94%AE%E4%B8%8B%E8%BD%BD%20%E2%91%A1%E5%9B%BE%E4%B9%A6%E9%A6%86%E8%81%94%E7%9B%9F%E3%80%81%E8%AF%BB%E7%A7%80%E3%80%81%E8%B6%85%E6%98%9F%E3%80%81%E4%B8%AD%E7%BE%8E%E7%99%BE%E4%B8%87%E6%98%BE%E7%A4%BASSID%E7%AD%89%E7%B4%A2%E4%B9%A6%E5%8F%B7%20%E2%91%A2%E5%90%84%E6%96%87%E7%8C%AE%E7%AB%99%E3%80%81%E5%9B%BE%E4%B9%A6%E7%94%B5%E5%95%86%E7%AB%99%E4%B8%8E%E8%B1%86%E7%93%A3%E7%9A%84%E4%BA%92%E8%AE%BF%E9%93%BE%E6%8E%A5%20%E2%91%A3%E4%B8%80%E9%94%AE%E5%A4%8D%E5%88%B6%E5%85%83%E6%95%B0%E6%8D%AE.user.js"}}