{"options":{"check_for_updates":true,"comment":null,"compat_foreach":false,"compat_metadata":false,"compat_powerful_this":null,"compat_prototypes":false,"compat_wrappedjsobject":false,"compatopts_for_requires":true,"noframes":null,"override":{"merge_connects":true,"merge_excludes":true,"merge_includes":true,"merge_matches":true,"orig_connects":[],"orig_excludes":[],"orig_includes":["https://www.google.*","https://prism-kangaroo.glitch.me/search?*"],"orig_matches":[],"orig_noframes":null,"orig_run_at":"document-idle","use_blockers":[],"use_connects":[],"use_excludes":[],"use_includes":[],"use_matches":[]},"run_at":null,"tab_types":null,"unwrap":null,"user_modified":null},"settings":{"enabled":true,"position":8},"meta":{"name":"移除Google的搜索结果重定向，包括其图片搜索","uuid":"b5b46c0a-f23e-4470-b121-78d9eef6c198","modified":1650205006815,"file_url":"https://greasyfork.org/scripts/19713-%E7%A7%BB%E9%99%A4google%E7%9A%84%E6%90%9C%E7%B4%A2%E7%BB%93%E6%9E%9C%E9%87%8D%E5%AE%9A%E5%90%91-%E5%8C%85%E6%8B%AC%E5%85%B6%E5%9B%BE%E7%89%87%E6%90%9C%E7%B4%A2/code/%E7%A7%BB%E9%99%A4Google%E7%9A%84%E6%90%9C%E7%B4%A2%E7%BB%93%E6%9E%9C%E9%87%8D%E5%AE%9A%E5%90%91%EF%BC%8C%E5%8C%85%E6%8B%AC%E5%85%B6%E5%9B%BE%E7%89%87%E6%90%9C%E7%B4%A2.user.js"}}