{"options":{"check_for_updates":true,"comment":null,"compat_foreach":false,"compat_metadata":false,"compat_powerful_this":null,"compat_wrappedjsobject":false,"compatopts_for_requires":true,"noframes":null,"override":{"merge_connects":true,"merge_excludes":true,"merge_includes":true,"merge_matches":true,"orig_connects":[],"orig_excludes":[],"orig_includes":[],"orig_matches":["*://*/*"],"orig_noframes":null,"orig_run_at":"document-idle","use_blockers":[],"use_connects":[],"use_excludes":[],"use_includes":[],"use_matches":[]},"run_at":null,"sandbox":null,"tab_types":null,"unwrap":null,"user_modified":null},"settings":{"enabled":true,"position":9},"meta":{"name":"繁簡自由切換","uuid":"e6f3e7a8-8350-488e-aa9b-7229c3f0cc03","modified":1719381870267,"file_url":"https://update.greasyfork.org/scripts/24300/Switch%20Traditional%20Chinese%20and%20Simplified%20Chinese.user.js"}}